"Term","OLS","OLS_SE","LMER","LMER_SE","FastMix","FastMix_SE"
"(Intercept)",1.99812087544591,0.516213457982046,1.99836844257116,0.165144240080881,1.99704897116952,0.17053757061441
"X1",0.997273331553046,0.151966263551079,0.999310298941472,0.045016378436805,0.998750941529374,0.0464219527921498
"X2",2.00045386781432,0.248233308635752,2.0016233910777,0.114688915301401,2.00156305073416,0.118233833619995
"X3",-0.992972182852366,0.271781079991001,-0.997680299877012,0.0871225728723776,-0.999282195791424,0.0899867913317284
