"Term","OLS","OLS_SE","LMER","LMER_SE","FastMix","FastMix_SE"
"X1",0.997130079325564,0.149493358784152,0.999285505811058,0.0468434879905922,0.99992063055644,0.0483010024092908
"X2",2.00036689919245,0.247355456102026,2.00195242588382,0.116929287672287,2.00206864808411,0.119907409088457
"X3",-0.993104357996037,0.271168360013243,-0.997387837788041,0.0900745836392833,-0.999547005848732,0.0925158759338256
