"dataset","effect","rmse","cor","ccc"
1,"intercept",3.84824536010067,0.290830196587828,0.156276338230455
1,"slope_X1",2.07738220191656,0.510954887136446,0.30301745414548
1,"slope_X2",1.49025110112278,0.550440884806311,0.43293245744597
1,"slope_X3",1.45137144356516,0.562468128523986,0.4504648999559
1,"slope_X4",1.96678380296265,0.549667796719183,0.289155216336687
